bank,frn,cluster_id,cluster_label,insufficient_data,CET1 Ratio_value,Tier 1 Ratio_value,Total Capital Ratio_value,Leverage Ratio_value,LCR_value,NSFR_value,CET1 Ratio_year,Tier 1 Ratio_year,Total Capital Ratio_year,Leverage Ratio_year,LCR_year,NSFR_year,CET1 Ratio_imputed,Tier 1 Ratio_imputed,Total Capital Ratio_imputed,Leverage Ratio_imputed,LCR_imputed,NSFR_imputed
ABC INTERNATIONAL BANK,149025,0,low Tier 1 Ratio / low CET1 Ratio,0,16.2,16.2,17.7,10.2,339.1,129.8,FY2024,FY2024,FY2024,FY2024,FY2024,FY2024,0,0,0,0,0,0
ACCESS BANK UK,478415,0,low Tier 1 Ratio / low CET1 Ratio,0,22.4,22.4,22.4,15.9,365.6,168.6,FY2023,FY2023,FY2023,FY2023,FY2023,FY2023,0,0,0,0,0,0
AFIN BANK,1004742,1,high Tier 1 Ratio / high CET1 Ratio,0,418.5,418.5,418.5,87.4,999999.0,492.2,FY2024,FY2024,FY2024,FY2024,FY2024,FY2024,0,0,0,0,0,0
AIB GROUP UK,122088,0,low Tier 1 Ratio / low CET1 Ratio,0,26.8,28.64,31.0,11.26,216.0,157.0,FY2025,FY2025,FY2025,FY2021,FY2025,FY2025,0,0,0,0,0,0
ALDERMORE,204503,0,low Tier 1 Ratio / low CET1 Ratio,0,18.4,19.1,20.5,8.9,189.2,131.3,FY2025,FY2025,FY2025,FY2025,FY2025,FY2025,0,0,0,0,0,0
ALLICA,821851,0,low Tier 1 Ratio / low CET1 Ratio,0,13.4,15.3,16.8,7.3,220.8,138.8,FY2025,FY2025,FY2025,FY2025,FY2025,FY2025,0,0,0,0,0,0
ALRAYAN BANK,229148,0,low Tier 1 Ratio / low CET1 Ratio,0,15.95,16.15,17.19,7.7,523.0,161.0,FY2024,FY2024,FY2024,FY2024,FY2024,FY2024,0,0,0,0,0,0
ARBUTHNOT LATHAM,143336,0,low Tier 1 Ratio / low CET1 Ratio,0,13.15,13.15,15.28,6.12,175.0,132.0,FY2024,FY2024,FY2024,FY2024,FY2024,FY2024,0,0,0,0,0,0
ATOM BANK,661960,0,low Tier 1 Ratio / low CET1 Ratio,0,15.0,15.0,17.1,5.0,418.6,171.2,FY2025,FY2025,FY2025,FY2025,FY2025,FY2025,0,0,0,0,0,0
BANK OF AFRICA UK,454750,0,low Tier 1 Ratio / low CET1 Ratio,0,17.46,17.46,24.03,17.67,212.0,173.0,FY2025,FY2025,FY2025,FY2024,FY2025,FY2025,0,0,0,0,0,0
BANK OF BEIRUT UK,219523,1,high Tier 1 Ratio / high CET1 Ratio,0,37.49,37.49,41.93,20.42,316.67,310.42,FY2025,FY2025,FY2025,FY2025,FY2025,FY2025,0,0,0,0,0,0
BANK OF CEYLON UK,514744,0,low Tier 1 Ratio / low CET1 Ratio,0,20.1,20.1,21.7,14.3,131.0,185.0,FY2025,FY2025,FY2025,FY2025,FY2025,FY2025,0,0,0,0,0,0
BANK OF CHINA UK,467410,0,low Tier 1 Ratio / low CET1 Ratio,0,27.2,33.2,33.2,24.4,324.1,194.4,FY2025,FY2025,FY2025,FY2025,FY2025,FY2025,0,0,0,0,0,0
BANK OF IRELAND UK,512956,0,low Tier 1 Ratio / low CET1 Ratio,0,19.6,21.4,23.7,9.0,161.0,135.0,FY2025,FY2025,FY2025,FY2025,FY2025,FY2025,0,0,0,0,0,0
BANK OF SCOTLAND,169628,0,low Tier 1 Ratio / low CET1 Ratio,0,13.5,16.6,18.4,4.3,287.0,153.75,FY2025,FY2025,FY2025,FY2025,,,0,0,0,0,1,1
BANK OF THE PHILIPPINE ISLANDS EUROPE,455378,1,high Tier 1 Ratio / high CET1 Ratio,0,56.29,56.29,56.29,51.22,206.0,154.0,FY2025,FY2025,FY2025,FY2025,FY2025,FY2025,0,0,0,0,0,0
BANK SADERAT,204488,1,high Tier 1 Ratio / high CET1 Ratio,0,331.0,331.0,331.0,9.8,477.0,153.75,FY2025,FY2025,FY2025,,FY2025,,0,0,0,1,0,1
BARCLAYS,759676,0,low Tier 1 Ratio / low CET1 Ratio,0,14.5,17.1,20.0,5.2,186.6,152.4,FY2025,FY2025,FY2025,FY2025,FY2025,FY2025,0,0,0,0,0,0
BARCLAYS BANK PLC,122702,0,low Tier 1 Ratio / low CET1 Ratio,0,12.7,16.1,19.0,5.8,149.7,113.0,FY2025,FY2025,FY2025,FY2025,FY2025,FY2025,0,0,0,0,0,0
BIRMINGHAM BANK,204478,1,high Tier 1 Ratio / high CET1 Ratio,0,76.0,76.0,76.0,24.0,725.0,153.75,FY2024,FY2024,FY2024,FY2024,FY2024,,0,0,0,0,0,1
BLME,464292,0,low Tier 1 Ratio / low CET1 Ratio,0,19.29,19.29,19.29,14.95,308.0,121.0,FY2025,FY2025,FY2025,FY2025,FY2025,FY2025,0,0,0,0,0,0
BNY MELLON INTERNATIONAL,183100,1,high Tier 1 Ratio / high CET1 Ratio,0,104.22,104.22,104.22,16.92,317.37,381.21,FY2025,FY2025,FY2025,FY2025,FY2025,FY2025,0,0,0,0,0,0
BRITISH ARAB COMMERCIAL BANK,204564,0,low Tier 1 Ratio / low CET1 Ratio,0,13.8,13.8,17.4,7.2,234.0,166.0,FY2025,FY2025,FY2025,FY2025,FY2025,FY2025,0,0,0,0,0,0
C HOARE AND CO,122093,0,low Tier 1 Ratio / low CET1 Ratio,0,23.0,23.0,23.21,9.29,341.0,250.0,FY2025,FY2025,FY2025,FY2025,FY2025,FY2025,0,0,0,0,0,0
CAMBRIDGE AND COUNTIES BANK,579415,0,low Tier 1 Ratio / low CET1 Ratio,0,19.2,21.3,21.7,14.71,587.0,136.0,FY2025,FY2025,FY2025,FY2024,FY2025,FY2024,0,0,0,0,0,0
CASTLE TRUST CAPITAL,541910,0,low Tier 1 Ratio / low CET1 Ratio,0,13.35,13.35,15.72,7.22,189.07,178.27,FY2025,FY2025,FY2025,FY2025,FY2025,FY2025,0,0,0,0,0,0
CHARITY BANK,207701,0,low Tier 1 Ratio / low CET1 Ratio,0,17.33,17.33,19.58,10.13,206.0,139.7,FY2025,FY2025,FY2025,FY2025,FY2023,FY2023,0,0,0,0,0,0
CHETWOOD,740551,0,low Tier 1 Ratio / low CET1 Ratio,0,15.2,15.2,15.2,5.19,194.0,145.0,FY2025,FY2025,FY2025,FY2025,FY2025,FY2025,0,0,0,0,0,0
CITIBANK UK,805574,1,high Tier 1 Ratio / high CET1 Ratio,0,72.7,81.8,90.8,16.7,836.0,401.6,FY2023,FY2023,FY2023,FY2023,FY2023,FY2023,0,0,0,0,0,0
CLEARBANK,754568,1,high Tier 1 Ratio / high CET1 Ratio,0,49.75,49.75,49.75,20.05,396.85,20366.5,FY2025,FY2025,FY2025,FY2025,FY2025,FY2025,0,0,0,0,0,0
CLYDESDALE,121873,0,low Tier 1 Ratio / low CET1 Ratio,0,14.3,16.6,19.3,6.3,164.0,143.0,FY2026,FY2026,FY2026,FY2026,FY2026,FY2026,0,0,0,0,0,0
CO-OPERATIVE BANK,121885,0,low Tier 1 Ratio / low CET1 Ratio,0,18.7,18.7,22.7,4.0,193.4,133.3,FY2024,FY2024,FY2024,FY2024,FY2024,FY2024,0,0,0,0,0,0
COUTTS,122287,0,low Tier 1 Ratio / low CET1 Ratio,0,11.4,13.5,16.3,7.6,287.0,153.75,FY2025,FY2025,FY2025,FY2025,,,0,0,0,0,1,1
CREDIT SUISSE UK,124269,1,high Tier 1 Ratio / high CET1 Ratio,0,191.0,191.0,20.7,87.0,1154.0,3600.0,FY2025,FY2025,,FY2025,FY2025,FY2025,0,0,1,0,0,0
CROWN AGENTS BANK,204456,0,low Tier 1 Ratio / low CET1 Ratio,0,22.9,22.9,22.9,9.5,134.7,130.0,FY2025,FY2025,FY2025,FY2025,FY2025,FY2025,0,0,0,0,0,0
DF CAPITAL BANK,848291,0,low Tier 1 Ratio / low CET1 Ratio,0,18.0,18.0,20.5,12.8,704.0,148.2,FY2025,FY2025,FY2025,FY2025,FY2025,FY2023,0,0,0,0,0,0
FCE BANK,204469,0,low Tier 1 Ratio / low CET1 Ratio,0,16.59,16.59,18.66,16.95,287.0,153.75,FY2025,FY2025,FY2025,FY2021,,,0,0,0,0,1,1
FCMB UK,502704,0,low Tier 1 Ratio / low CET1 Ratio,0,14.83,19.47,17.43,8.81,273.0,157.0,FY2025,,FY2025,FY2025,FY2025,FY2025,0,1,0,0,0,0
FIRSTBANK UK,216772,0,low Tier 1 Ratio / low CET1 Ratio,0,26.07,26.07,29.67,14.12,409.09,213.0,FY2024,FY2024,FY2024,FY2024,FY2024,FY2024,0,0,0,0,0,0
GATEHOUSE BANK,475346,0,low Tier 1 Ratio / low CET1 Ratio,0,17.1,17.1,20.0,7.4,447.6,153.5,FY2024,FY2024,FY2024,FY2024,FY2024,FY2024,0,0,0,0,0,0
GB BANK,850286,0,low Tier 1 Ratio / low CET1 Ratio,0,19.14,19.14,19.14,4.97,210.0,191.0,FY2025,FY2025,FY2025,FY2025,FY2025,FY2025,0,0,0,0,0,0
GHANA INTERNATIONAL BANK,204471,0,low Tier 1 Ratio / low CET1 Ratio,0,22.37,22.37,22.37,14.66,256.31,255.98,FY2024,FY2024,FY2024,FY2024,FY2024,FY2024,0,0,0,0,0,0
GOLDMAN SACHS INTERNATIONAL BANK,124659,0,low Tier 1 Ratio / low CET1 Ratio,0,24.81,24.81,28.96,8.39,155.57,130.01,FY2025,FY2025,FY2025,FY2025,FY2025,FY2025,0,0,0,0,0,0
GRIFFIN BANK,970920,1,high Tier 1 Ratio / high CET1 Ratio,0,456.0,456.0,456.0,91.0,2675.0,1034.0,FY2023,FY2023,FY2023,FY2023,FY2023,FY2023,0,0,0,0,0,0
GULF INTERNATIONAL BANK UK,124772,0,low Tier 1 Ratio / low CET1 Ratio,0,22.18,22.18,22.18,5.02,286.32,230.91,FY2024,FY2024,FY2024,FY2024,FY2024,FY2024,0,0,0,0,0,0
HAMPDEN & CO,606934,0,low Tier 1 Ratio / low CET1 Ratio,0,20.53,20.53,17.0,8.36,262.0,186.0,FY2023,FY2023,FY2025,FY2023,FY2023,FY2023,0,0,0,0,0,0
HAMPSHIRE TRUST BANK,204601,0,low Tier 1 Ratio / low CET1 Ratio,0,13.5,14.1,16.8,7.5,346.9,158.9,FY2025,FY2025,FY2025,FY2025,FY2025,FY2025,0,0,0,0,0,0
HANDELSBANKEN,806852,0,low Tier 1 Ratio / low CET1 Ratio,0,17.5,17.5,20.0,9.4,180.0,130.0,FY2025,FY2025,FY2025,FY2025,FY2025,FY2025,0,0,0,0,0,0
HBL BANK UK,188585,0,low Tier 1 Ratio / low CET1 Ratio,0,15.46,19.47,21.29,13.11,235.0,145.0,FY2025,FY2025,FY2025,FY2025,FY2025,FY2025,0,0,0,0,0,0
HSBC BANK PLC,114216,0,low Tier 1 Ratio / low CET1 Ratio,0,17.9,21.6,36.9,4.5,148.0,114.0,FY2025,FY2025,FY2025,FY2025,FY2025,FY2025,0,0,0,0,0,0
HSBC INNOVATION BANK,543146,0,low Tier 1 Ratio / low CET1 Ratio,0,13.5,16.0,19.3,17.6,150.0,203.0,FY2025,FY2025,FY2025,FY2025,FY2022,FY2022,0,0,0,0,0,0
HSBC UK BANK PLC,765112,0,low Tier 1 Ratio / low CET1 Ratio,0,13.2,15.5,18.6,5.6,175.0,146.0,FY2025,FY2025,FY2025,FY2025,FY2025,FY2025,0,0,0,0,0,0
ICBC (LONDON) PLC,222030,1,high Tier 1 Ratio / high CET1 Ratio,0,81.09,81.09,81.09,47.48,143.7,173.34,FY2025,FY2025,FY2025,FY2025,FY2025,FY2025,0,0,0,0,0,0
ICBC STANDARD BANK PLC,124823,0,low Tier 1 Ratio / low CET1 Ratio,0,12.2,13.3,15.0,5.6,197.3,122.8,FY2025,FY2025,FY2025,FY2025,FY2025,FY2025,0,0,0,0,0,0
ICICI BANK UK,223268,0,low Tier 1 Ratio / low CET1 Ratio,0,19.57,19.57,22.6,14.18,190.08,151.03,FY2025,FY2025,FY2025,FY2025,FY2025,FY2025,0,0,0,0,0,0
IFAST GLOBAL BANK LIMITED,716167,0,low Tier 1 Ratio / low CET1 Ratio,0,20.2,23.9,23.9,11.0,531.0,190.9,FY2025,FY2025,FY2025,FY2025,FY2025,FY2025,0,0,0,0,0,0
INVESTEC BANK PLC,172330,0,low Tier 1 Ratio / low CET1 Ratio,0,13.3,15.0,18.6,9.5,287.0,153.75,FY2026,FY2026,FY2026,FY2026,,,0,0,0,0,1,1
JORDAN INTERNATIONAL BANK,183722,0,low Tier 1 Ratio / low CET1 Ratio,0,19.9,19.9,19.9,19.3,490.0,129.0,FY2024,FY2024,FY2024,FY2024,FY2024,FY2024,0,0,0,0,0,0
JP MORGAN EUROPE,124579,1,high Tier 1 Ratio / high CET1 Ratio,0,249.23,249.23,249.23,94.12,241.17,155.44,FY2025,FY2025,FY2025,FY2025,FY2025,FY2025,0,0,0,0,0,0
JP MORGAN SECURITIES,155240,0,low Tier 1 Ratio / low CET1 Ratio,0,16.4,20.8,24.6,6.3,174.25,118.55,FY2025,FY2025,FY2025,FY2025,FY2025,FY2025,0,0,0,0,0,0
JULIAN HODGE BANK,204439,0,low Tier 1 Ratio / low CET1 Ratio,0,17.5,17.5,17.5,10.5,176.9,150.5,FY2025,FY2025,FY2025,FY2023,FY2023,FY2023,0,0,0,0,0,0
KROO BANK,953772,0,low Tier 1 Ratio / low CET1 Ratio,0,24.0,24.0,24.0,21.2,758.0,4522.0,FY2024,FY2024,FY2024,FY2024,FY2024,FY2024,0,0,0,0,0,0
KUWAIT FINANCE HOUSE,131818,0,low Tier 1 Ratio / low CET1 Ratio,0,20.1,20.1,20.1,14.2,592.3,139.0,FY2025,FY2025,FY2025,FY2025,FY2025,FY2025,0,0,0,0,0,0
LHV,993767,0,low Tier 1 Ratio / low CET1 Ratio,0,18.5,18.5,20.3,14.4,196.0,182.0,FY2025,FY2025,FY2025,FY2025,FY2025,FY2025,0,0,0,0,0,0
LLOYDS BANK,119278,0,low Tier 1 Ratio / low CET1 Ratio,0,13.6,16.4,20.1,5.2,135.0,119.0,FY2025,FY2025,FY2025,FY2025,FY2025,FY2025,0,0,0,0,0,0
LLOYDS BANK CORPORATE MARKETS,763256,0,low Tier 1 Ratio / low CET1 Ratio,0,13.7,31.8,31.8,8.4,169.0,133.0,FY2025,FY2025,FY2025,FY2025,FY2025,FY2025,0,0,0,0,0,0
MELLI BANK,207380,1,high Tier 1 Ratio / high CET1 Ratio,0,55.0,55.0,55.0,9.8,697.0,153.75,FY2024,FY2024,FY2024,,FY2024,,0,0,0,1,0,1
METHODIST CHAPEL AID,204508,1,high Tier 1 Ratio / high CET1 Ratio,0,52.88,52.88,52.88,35.4,835.0,182.0,FY2023,FY2023,FY2023,FY2023,FY2023,FY2023,0,0,0,0,0,0
METRO BANK,488982,0,low Tier 1 Ratio / low CET1 Ratio,0,12.8,16.6,18.9,7.9,427.0,169.0,FY2025,FY2025,FY2025,FY2025,FY2025,FY2025,0,0,0,0,0,0
MIZUHO INTERNATIONAL,119256,0,low Tier 1 Ratio / low CET1 Ratio,0,20.0,20.0,20.0,4.2,268.7,122.5,FY2025,FY2025,FY2025,FY2025,FY2025,FY2025,0,0,0,0,0,0
MONUMENT BANK,849724,0,low Tier 1 Ratio / low CET1 Ratio,0,20.0,19.47,44.0,3.9,589.0,560.0,FY2024,,FY2022,FY2024,FY2024,FY2024,0,1,0,0,0,0
MONZO,730427,1,high Tier 1 Ratio / high CET1 Ratio,0,55.92,55.92,56.67,15.53,1178.76,843.98,FY2025,FY2025,FY2025,FY2025,FY2025,FY2025,0,0,0,0,0,0
MORGAN STANLEY BANK INTERNATIONAL,195430,1,high Tier 1 Ratio / high CET1 Ratio,0,42.6,42.6,58.9,30.3,412.0,263.0,FY2025,FY2025,FY2025,FY2025,FY2025,FY2025,0,0,0,0,0,0
NATIONAL BANK OF EGYPT UK,204520,0,low Tier 1 Ratio / low CET1 Ratio,0,16.31,16.31,19.28,11.6,418.0,194.0,FY2024,FY2024,FY2024,FY2024,FY2024,FY2024,0,0,0,0,0,0
NATIONAL BANK OF KUWAIT INTERNATIONAL,171532,0,low Tier 1 Ratio / low CET1 Ratio,0,20.45,20.45,20.45,13.21,497.0,120.0,FY2025,FY2025,FY2025,FY2025,FY2025,FY2025,0,0,0,0,0,0
NATIONAL WESTMINSTER BANK PLC,121878,0,low Tier 1 Ratio / low CET1 Ratio,0,11.2,13.4,16.2,4.2,151.0,137.0,FY2025,FY2025,FY2025,FY2025,FY2025,FY2025,0,0,0,0,0,0
NATWEST MARKETS,121882,0,low Tier 1 Ratio / low CET1 Ratio,0,18.4,23.0,26.0,5.0,198.0,121.0,FY2025,FY2025,FY2025,FY2025,FY2025,FY2025,0,0,0,0,0,0
NORTHERN BANK,122261,0,low Tier 1 Ratio / low CET1 Ratio,0,14.9,19.0,19.0,6.4,287.0,200.0,FY2025,FY2025,FY2025,FY2025,FY2025,FY2025,0,0,0,0,0,0
OAKNORTH BANK,629564,0,low Tier 1 Ratio / low CET1 Ratio,0,15.5,15.5,18.4,16.0,478.0,190.0,FY2025,FY2025,FY2025,FY2025,FY2025,FY2025,0,0,0,0,0,0
ONESAVINGS,530504,0,low Tier 1 Ratio / low CET1 Ratio,0,15.8,17.1,19.1,7.4,169.5,140.6,FY2025,FY2025,FY2025,FY2025,FY2025,FY2025,0,0,0,0,0,0
OXBURY,834822,0,low Tier 1 Ratio / low CET1 Ratio,0,15.94,15.94,18.8,9.2,296.0,201.1,FY2023,FY2023,FY2025,FY2025,FY2025,FY2023,0,0,0,0,0,0
PARAGON,604551,0,low Tier 1 Ratio / low CET1 Ratio,0,12.6,12.6,14.3,6.2,154.0,135.0,FY2025,FY2025,FY2025,FY2025,FY2025,FY2025,0,0,0,0,0,0
PUNJAB NATIONAL BANK INTERNATIONAL,459701,0,low Tier 1 Ratio / low CET1 Ratio,0,15.4,20.5,23.6,13.6,350.0,118.0,FY2026,FY2026,FY2026,FY2026,FY2026,FY2026,0,0,0,0,0,0
QIB UK,466577,0,low Tier 1 Ratio / low CET1 Ratio,0,17.93,17.93,19.9,10.67,345.59,127.95,FY2025,FY2025,FY2025,FY2025,FY2025,FY2025,0,0,0,0,0,0
RBC EUROPE,124543,0,low Tier 1 Ratio / low CET1 Ratio,0,13.81,16.15,18.37,4.51,132.0,112.0,FY2025,FY2025,FY2025,FY2025,FY2025,FY2025,0,0,0,0,0,0
RBS,114724,0,low Tier 1 Ratio / low CET1 Ratio,0,11.0,13.8,17.0,5.6,138.0,126.0,FY2025,FY2025,FY2025,FY2025,FY2023,FY2023,0,0,0,0,0,0
RCI BANK UK,815220,0,low Tier 1 Ratio / low CET1 Ratio,0,13.69,13.46,15.42,10.6,287.0,126.0,FY2024,FY2024,FY2024,FY2024,FY2024,FY2024,0,0,0,0,0,0
RECOGNISE BANK,849404,0,low Tier 1 Ratio / low CET1 Ratio,0,20.9,20.9,20.9,14.7,299.9,176.4,FY2026,FY2026,FY2026,FY2026,FY2026,FY2026,0,0,0,0,0,0
SANTANDER,106054,0,low Tier 1 Ratio / low CET1 Ratio,0,15.8,18.5,21.3,5.0,162.0,135.0,FY2025,FY2025,FY2025,FY2025,FY2025,FY2025,0,0,0,0,0,0
SECURE TRUST BANK,204550,0,low Tier 1 Ratio / low CET1 Ratio,0,12.9,12.9,15.2,9.4,190.4,143.6,FY2025,FY2025,FY2025,FY2025,FY2025,FY2023,0,0,0,0,0,0
SHAWBROOK,204574,0,low Tier 1 Ratio / low CET1 Ratio,0,13.0,14.3,15.9,8.1,265.0,134.5,FY2024,FY2024,FY2024,FY2024,FY2024,FY2024,0,0,0,0,0,0
SMBC,223304,0,low Tier 1 Ratio / low CET1 Ratio,0,17.1,17.1,17.1,10.1,160.1,127.2,FY2025,FY2025,FY2025,FY2025,FY2025,FY2025,0,0,0,0,0,0
STARLING,730166,0,low Tier 1 Ratio / low CET1 Ratio,0,28.58,28.58,28.58,8.91,569.01,246.87,FY2026 (SGHL)‡,FY2026 (SGHL)‡,FY2026 (SGHL)‡,FY2026 (SGHL)‡,FY2026 (SGHL)‡,FY2026 (SGHL)‡,0,0,0,0,0,0
STATE BANK OF INDIA UK,757156,0,low Tier 1 Ratio / low CET1 Ratio,0,20.98,20.98,20.98,14.43,572.38,135.94,FY2025,FY2025,FY2025,FY2025,FY2025,FY2025,0,0,0,0,0,0
STREAMBANK,954876,0,low Tier 1 Ratio / low CET1 Ratio,0,24.8,24.8,24.8,20.4,9081.1,171.6,FY2025,FY2025,FY2025,FY2025,FY2025,FY2025,0,0,0,0,0,0
TANDEM,204479,0,low Tier 1 Ratio / low CET1 Ratio,0,15.53,15.53,18.11,9.04,443.4,194.3,FY2025,FY2025,FY2025,FY2025,FY2025,FY2025,0,0,0,0,0,0
TD BANK EUROPE,165556,1,high Tier 1 Ratio / high CET1 Ratio,0,158.0,158.0,158.0,5.0,4039.0,5467.0,FY2025,FY2025,FY2025,FY2025,FY2025,FY2025,0,0,0,0,0,0
THIS BANK,832786,0,low Tier 1 Ratio / low CET1 Ratio,0,16.44,16.44,16.44,9.8,554.0,153.75,FY2025,FY2025,FY2025,,FY2025,,0,0,0,1,0,1
TRIODOS,817008,0,low Tier 1 Ratio / low CET1 Ratio,0,21.3,21.3,21.3,11.27,446.0,206.0,FY2025,FY2025,FY2025,FY2024,FY2025,FY2024,0,0,0,0,0,0
TSB,191240,0,low Tier 1 Ratio / low CET1 Ratio,0,16.74,18.88,21.46,5.47,185.0,152.0,FY2025,FY2025,FY2025,FY2025,FY2025,FY2025,0,0,0,0,0,0
TURKISH BANK UK,204566,0,low Tier 1 Ratio / low CET1 Ratio,0,25.97,25.97,25.97,15.9,606.0,195.34,FY2024,FY2024,FY2024,FY2024,FY2024,FY2024,0,0,0,0,0,0
UBA UK,695048,1,high Tier 1 Ratio / high CET1 Ratio,0,49.04,49.04,49.04,16.16,352.77,182.68,FY2024,FY2024,FY2024,FY2024,FY2024,FY2024,0,0,0,0,0,0
UNION BANCAIRE PRIVEE UK,119250,0,low Tier 1 Ratio / low CET1 Ratio,0,21.2,21.2,21.2,6.6,248.8,253.0,FY2024,FY2024,FY2024,FY2024,FY2024,FY2024,0,0,0,0,0,0
UNION BANK OF INDIA UK,601551,0,low Tier 1 Ratio / low CET1 Ratio,0,27.2,27.2,27.2,22.43,1457.0,136.0,FY2025,FY2025,FY2025,FY2025,FY2025,FY2025,0,0,0,0,0,0
UNITED NATIONAL,207381,0,low Tier 1 Ratio / low CET1 Ratio,0,21.46,21.46,21.56,8.52,287.0,153.75,FY2023,FY2023,FY2023,FY2023,,,0,0,0,0,1,1
UNITED TRUST BANK,204463,0,low Tier 1 Ratio / low CET1 Ratio,0,14.01,16.27,17.33,10.1,398.42,139.71,FY2025,FY2025,FY2025,FY2025,FY2025,FY2025,0,0,0,0,0,0
UNITY TRUST,204570,0,low Tier 1 Ratio / low CET1 Ratio,0,24.33,24.33,24.33,11.45,225.76,148.7,FY2025,FY2025,FY2025,FY2025,FY2025,FY2025,0,0,0,0,0,0
VANQUIS,221156,0,low Tier 1 Ratio / low CET1 Ratio,0,16.5,19.3,26.1,12.1,391.6,142.8,FY2025,FY2025,FY2025,FY2025,FY2025,FY2023,0,0,0,0,0,0
VIDA,738741,0,low Tier 1 Ratio / low CET1 Ratio,0,15.2,15.2,18.3,4.9,163.0,138.0,FY2025,FY2025,FY2025,FY2025,FY2025,FY2025,0,0,0,0,0,0
WEATHERBYS,204571,0,low Tier 1 Ratio / low CET1 Ratio,0,13.84,14.33,16.26,7.08,1017.0,266.0,FY2024,FY2024,FY2024,FY2024,FY2024,FY2024,0,0,0,0,0,0
ZEMPLER,671140,0,low Tier 1 Ratio / low CET1 Ratio,0,21.74,21.74,22.47,7.99,1108.0,831.0,FY2026,FY2026,FY2026,FY2026,FY2026,FY2026,0,0,0,0,0,0
ZENITH,451720,0,low Tier 1 Ratio / low CET1 Ratio,0,23.4,23.4,23.4,12.08,270.19,138.85,FY2025,FY2025,FY2025,FY2025,FY2025,FY2025,0,0,0,0,0,0
ZOPA,800542,0,low Tier 1 Ratio / low CET1 Ratio,0,14.54,16.87,19.1,11.36,484.0,225.0,FY2025,FY2025,FY2025,FY2025,FY2025,FY2025,0,0,0,0,0,0
ALPHA BANK LONDON,135327,,insufficient data,1,,,20.0,11.0,310.0,,,,FY2025,FY2025,FY2025,,0,0,0,0,0,0
ARAB BANK EUROPE,446951,,insufficient data,1,16.0,,23.0,,,,FY2024,,FY2024,,,,0,0,0,0,0,0
BANK MANDIRI EUROPE,204424,,insufficient data,1,,,33.59,,446.89,121.85,,,FY2025,,FY2025,FY2025,0,0,0,0,0,0
BANK SEPAH INTERNATIONAL,208019,,insufficient data,1,102.7,102.7,102.7,,,,FY2025,FY2025,FY2025,,,,0,0,0,0,0,0
BROWN SHIPLEY,124548,,insufficient data,1,21.6,,,,236.0,,FY2024,,,,FY2024,,0,0,0,0,0,0
CAF BANK,204451,,insufficient data,1,,,,,,,,,,,,,0,0,0,0,0,0
CATER ALLEN,178737,,insufficient data,1,78.2,78.2,78.2,,,,FY2025,FY2025,FY2025,,,,0,0,0,0,0,0
CHARTER COURT FINANCIAL SERVICES,494549,,insufficient data,1,16.2,,19.2,6.9,,,FY2025,,FY2023,FY2023,,,0,0,0,0,0,0
CLOSE BROTHERS,124750,,insufficient data,1,,,,,,,,,,,,,0,0,0,0,0,0
CREDIT SUISSE INTERNATIONAL,146702,,insufficient data,1,146.9,146.9,,,,,FY2025,FY2025,,,,,0,0,0,0,0,0
CYNERGY BANK,575105,,insufficient data,1,,,,,,,,,,,,,0,0,0,0,0,0
DB UK BANK,140848,,insufficient data,1,,,536.0,,381.0,202.0,,,FY2025,,FY2025,FY2025,0,0,0,0,0,0
EFG PRIVATE BANK,144036,,insufficient data,1,10.9,10.9,15.2,,,,FY2022,FY2022,FY2022,,,,0,0,0,0,0,0
FIDBANK UK,400712,,insufficient data,1,,,21.46,,178.0,,,,FY2025,,FY2025,,0,0,0,0,0,0
GUARANTY TRUST BANK UK,466611,,insufficient data,1,,,,,,,,,,,,,0,0,0,0,0,0
HABIB BANK ZURICH,627671,,insufficient data,1,,,,,232.0,,,,,,FY2025,,0,0,0,0,0,0
HAVIN BANK,204481,,insufficient data,1,,,,,,,,,,,,,0,0,0,0,0,0
ITAU BBA INTERNATIONAL,575225,,insufficient data,1,29.0,,29.0,19.1,,,FY2025,,FY2025,FY2025,,,0,0,0,0,0,0
KEXIM BANK UK,204490,,insufficient data,1,20.5,,20.5,,,,FY2025,,FY2025,,,,0,0,0,0,0,0
KINGDOM BANK,400972,,insufficient data,1,,,,,,,,,,,,,0,0,0,0,0,0
MARKS AND SPENCER FINANCIAL SERVICES,151427,,insufficient data,1,13.86,15.72,18.42,,,,FY2025,FY2025,FY2025,,,,0,0,0,0,0,0
NOMURA BANK INTERNATIONAL,204419,,insufficient data,1,,,,,,,,,,,,,0,0,0,0,0,0
PERENNA,956138,,insufficient data,1,48.0,,,21.47,,,FY2025,,,FY2025,,,0,0,0,0,0,0
PERSIA INTERNATIONAL BANK,208020,,insufficient data,1,,,,53.32,221.13,,,,,FY2021,FY2021,,0,0,0,0,0,0
PHILIPPINE NATIONAL BANK EUROPE,204532,,insufficient data,1,127.55,127.55,127.55,,,,FY2025,FY2025,FY2025,,,,0,0,0,0,0,0
RATHBONES INVESTMENT MANAGEMENT,116316,,insufficient data,1,,,,,,,,,,,,,0,0,0,0,0,0
REDWOOD BANK,755924,,insufficient data,1,16.6,,19.8,,362.0,,FY2025,,FY2025,,FY2025,,0,0,0,0,0,0
RELIANCE BANK,204537,,insufficient data,1,21.8,,,13.3,228.0,,FY2026,,,FY2026,FY2026,,0,0,0,0,0,0
SANTANDER FINANCIAL SERVICES,146003,,insufficient data,1,,,,,227.0,148.0,,,,,FY2025,FY2025,0,0,0,0,0,0
SCHRODER,144206,,insufficient data,1,,,,,,,,,,,,,0,0,0,0,0,0
STANDARD CHARTERED BANK,114276,,insufficient data,1,,,,,,,,,,,,,0,0,0,0,0,0
THE BANK OF LONDON GROUP,930379,,insufficient data,1,82.94,,,,,,FY2025,,,,,,0,0,0,0,0,0
